<?xml version="1.0" encoding="UTF-8"?>
<odoo>
    <data noupdate="1">
        <record id="ir_cron_sii_request" model="ir.cron">
            <field name="name">Cron de envío y consulta estado documento en el sii</field>
            <field name="interval_number">1</field>
            <field name="interval_type">minutes</field>
            <field name="numbercall">-1</field>
            <field name="model_id" ref="model_sii_cola_envio"/>
            <field name="state">code</field>
            <field name="code">model._cron_procesar_cola()</field>
            <field name="active" eval="True" />
        </record>

        <record id="ir_cron_auto_accept_documents" model="ir.cron">
            <field name="name">Cron AutoAceptación Documentos</field>
            <field name="interval_number">1</field>
            <field name="interval_type">days</field>
            <field name="numbercall">-1</field>
            <field name="model_id" ref="model_mail_message_dte_document"/>
            <field name="state">code</field>
            <field name="code">model.auto_accept_documents()</field>
            <field name="active" eval="True" />
            <field name="nextcall">02/10/2017 00:00:01 AM</field>
        </record>
    </data>
</odoo>
