<?xml version="1.0" encoding="UTF-8"?>
<odoo>
	<data>
		<record id="paperformat_pos_boleta_ticket" model="report.paperformat">
			<field name="name">Boleta Electronica(POS)</field>
			<field name="default" eval="True" />
			<field name="format">custom</field>
			<field name="page_height">175</field>
			<field name="page_width">65</field>
			<field name="orientation">Portrait</field>
			<field name="margin_top">3</field>
			<field name="margin_bottom">3</field>
			<field name="margin_left">3</field>
			<field name="margin_right">3</field>
			<field name="header_line" eval="False" />
			<field name="header_spacing">3</field>
			<field name="dpi">90</field>
		</record>

	</data>
</odoo>