<?xml version="1.0" encoding="utf-8"?>
  <templates inherit_id="template" id="switch_boleta">
    <t t-extend="PaymentScreenWidget">
      <t t-jquery="div.js_set_customer" t-operation="before">
        <t t-if='widget.pos.get_order() and widget.pos.folios_boleta_afecta()'>
          <div t-attf-class='button js_boleta #{ widget.pos.get_order().es_boleta_afecta() ? "highlight" : ""} '>
              <i class='fa fa-file-text-o' /> Boleta
          </div>
        </t>

        <t t-if='widget.pos.get_order() and widget.pos.folios_boleta_exenta()'>
          <div t-attf-class='button js_boleta_exenta #{ widget.pos.get_order().es_boleta_exenta() ? "highlight" : ""} '>
              <i class='fa fa-file-text-o' /> Boleta Exenta
          </div>
        </t>
      </t>
    </t>
  </templates>
